{
    "train_loss": [
        0.6145737417397258,
        0.5376821692596484,
        0.49956490909906787,
        0.47600006544557844,
        0.45035028651143844,
        0.43906487024529406,
        0.42016812092642747,
        0.41030272043926613,
        0.3976929036455904,
        0.38010132645003125,
        0.35699624136044134,
        0.3557350903603595,
        0.35424894480876257,
        0.34897492526354174,
        0.3464293544162178,
        0.3457485844253982,
        0.34265042334309753,
        0.34899622235559175,
        0.33758625747464227,
        0.3393191213898816,
        0.33106146566476774,
        0.3340871662672506,
        0.33635452310827724,
        0.3305929088351991,
        0.333307586398209,
        0.3334075099890102,
        0.3395280274176929,
        0.3296043783881759,
        0.3311351751122557,
        0.3318608999728633
    ],
    "val_loss": [
        0.6117199419735156,
        0.5118372740493141,
        0.4905917993260385,
        0.4480459769396311,
        0.4395508520592947,
        0.40038149662113326,
        0.43872186528766616,
        0.3639765272665774,
        0.3667397835906142,
        0.3684944215421172,
        0.3302593415387199,
        0.3314022843077118,
        0.3335184675770597,
        0.3254826395467286,
        0.324058176451316,
        0.3312898826530904,
        0.32805582723221893,
        0.3287047024107457,
        0.323738919307234,
        0.3221485688109937,
        0.3223559119670688,
        0.3221735503199445,
        0.3220507656896916,
        0.32150327588014505,
        0.32105061271159946,
        0.3211381730433015,
        0.32044194952101157,
        0.32071806876273967,
        0.3209449144903682,
        0.32058536827308426
    ],
    "train_acc": [
        0.7395864548996104,
        0.7762461292578164,
        0.7967236040355609,
        0.8072120667266007,
        0.8246928378783338,
        0.8320847068224952,
        0.8407751473379282,
        0.8453700928978124,
        0.8507641594246329,
        0.8566576765557886,
        0.8690440515433023,
        0.868244930576366,
        0.8689441614224354,
        0.868244930576366,
        0.8739386674657876,
        0.8715413045649785,
        0.8735391069823194,
        0.8683448206972331,
        0.8745380081909899,
        0.8761362501248626,
        0.876935371091799,
        0.8805314154430127,
        0.8774348216961343,
        0.8801318549595445,
        0.8776346019378684,
        0.8796324043552093,
        0.8748376785535911,
        0.8797322944760764,
        0.8796324043552093,
        0.876935371091799
    ],
    "val_acc": [
        0.7246065808297568,
        0.7896995708154506,
        0.7997138769670958,
        0.8233190271816881,
        0.8276108726752504,
        0.8390557939914163,
        0.8311874105865522,
        0.8583690987124464,
        0.8533619456366237,
        0.8505007153075823,
        0.869098712446352,
        0.8733905579399142,
        0.8733905579399142,
        0.8741058655221745,
        0.8733905579399142,
        0.8705293276108726,
        0.8726752503576538,
        0.871244635193133,
        0.8741058655221745,
        0.8733905579399142,
        0.8726752503576538,
        0.8741058655221745,
        0.8755364806866953,
        0.8741058655221745,
        0.8741058655221745,
        0.8776824034334764,
        0.8762517882689557,
        0.876967095851216,
        0.876967095851216,
        0.8762517882689557
    ],
    "train_precision": [
        0.7159887798036466,
        0.7610181475371199,
        0.7817885421518398,
        0.7884395704820654,
        0.8072371415566681,
        0.8051033875934888,
        0.8132253120210203,
        0.8207901125579342,
        0.8195553636952299,
        0.8289760348583878,
        0.8361847733105218,
        0.8379310344827586,
        0.839197064537017,
        0.8383685800604229,
        0.8451891891891892,
        0.843933145213805,
        0.8467058056099152,
        0.8410524026962383,
        0.8479443115075049,
        0.8478684267474572,
        0.8482818240760752,
        0.8553980370774263,
        0.8484455958549223,
        0.8526543878656555,
        0.8498700173310225,
        0.854958497160332,
        0.8444492254733219,
        0.8542166049248202,
        0.8566725197541704,
        0.847680690399137
    ],
    "val_precision": [
        0.7453183520599251,
        0.7927031509121062,
        0.8247787610619469,
        0.7873563218390804,
        0.8306188925081434,
        0.8112094395280236,
        0.8624338624338624,
        0.821173104434907,
        0.8027397260273973,
        0.8258928571428571,
        0.836231884057971,
        0.8415697674418605,
        0.8338068181818182,
        0.841799709724238,
        0.8497023809523809,
        0.8357348703170029,
        0.8474074074074074,
        0.8350071736011477,
        0.8468335787923417,
        0.844574780058651,
        0.8463810930576071,
        0.8458149779735683,
        0.8472834067547724,
        0.8478581979320532,
        0.8478581979320532,
        0.8469387755102041,
        0.8475073313782991,
        0.8477306002928258,
        0.8477306002928258,
        0.8485294117647059
    ],
    "train_recall": [
        0.6875420875420876,
        0.7248035914702582,
        0.7535353535353535,
        0.774635241301908,
        0.7961840628507295,
        0.8215488215488216,
        0.8336700336700337,
        0.8347923681257015,
        0.8523007856341189,
        0.8540965207631874,
        0.877665544332211,
        0.8727272727272727,
        0.8727272727272727,
        0.8720538720538721,
        0.8774410774410775,
        0.8727272727272727,
        0.8740740740740741,
        0.8682379349046015,
        0.8749719416386083,
        0.8794612794612795,
        0.8810325476992144,
        0.8803591470258136,
        0.8821548821548821,
        0.8832772166105499,
        0.8805836139169473,
        0.8785634118967452,
        0.8810325476992144,
        0.8799102132435466,
        0.8760942760942761,
        0.8819304152637486
    ],
    "val_recall": [
        0.615146831530139,
        0.7387944358578052,
        0.7202472952086554,
        0.8469860896445132,
        0.7882534775888718,
        0.8500772797527048,
        0.7557959814528593,
        0.8871715610510046,
        0.9057187017001546,
        0.8578052550231839,
        0.8918083462132921,
        0.8948995363214838,
        0.9072642967542504,
        0.8964451313755796,
        0.8825347758887172,
        0.8964451313755796,
        0.884080370942813,
        0.8995363214837713,
        0.8887171561051005,
        0.8902627511591963,
        0.8856259659969088,
        0.8902627511591963,
        0.8918083462132921,
        0.8871715610510046,
        0.8871715610510046,
        0.8979907264296755,
        0.893353941267388,
        0.8948995363214838,
        0.8948995363214838,
        0.8918083462132921
    ],
    "train_f1": [
        0.7014771556166266,
        0.742469533226029,
        0.7674019887987198,
        0.7814764492753624,
        0.8016725053678382,
        0.8132429730029996,
        0.8233207714475725,
        0.8277320275984865,
        0.8356073943661971,
        0.8413488114980653,
        0.8564231738035264,
        0.8549752611324904,
        0.8556338028169015,
        0.854879524700187,
        0.8610132158590309,
        0.8580887221363936,
        0.8601722995361167,
        0.854428981665562,
        0.8612461334511711,
        0.8633759365359189,
        0.8643470601189165,
        0.8676991150442477,
        0.8649719379333113,
        0.8676957001102537,
        0.8649542498070776,
        0.8666002435514225,
        0.8623530704163462,
        0.86687306501548,
        0.8662745533237155,
        0.8644664466446644
    ],